video_id,frame_id,timestamp,track_id,class_name,object_type,x_m,y_m,speed_mps,acceleration_mps2,deceleration_mps2,speed_delta_mps,direction_deg,direction_change_deg,yaw_rate_dps,lateral_acceleration_mps2,jerk_mps3,nearest_distance_m,neighbor_count,has_neighbor,nearest_distance_valid,closing_speed_mps,interaction_count,sudden_stop,trajectory_change,speed_drop_window_mps,direction_change_max_deg,direction_change_sum_deg,speed_mean_mps,speed_std_mps,acceleration_std_mps2,stopped_after_motion,temporal_window,interpolated,accident_probability,status
zaafsIEj5DI_00,1,0.06703703703703703,1,train,vehicle,21.821060180664062,80.45895385742188,0.0,0.0,0.0,0.0,0.0,0.0,0.0,0.0,0.0,50.0,0,0,0,0.0,0,0,0,0.0,0.0,0.0,0.0,0.0,0.0,0,1,0,4.1797283176593526e-06,NORMAL
zaafsIEj5DI_00,2,0.13407407407407407,1,train,vehicle,21.856698989868164,80.5604019165039,1.6039783954620361,0.0,0.0,0.0,0.0,0.0,0.0,0.0,0.0,50.0,0,0,0,0.0,0,0,0,0.0,0.0,0.0,0.8019891977310181,0.8019891977310181,0.0,0,2,0,0.00014728181961392634,NORMAL
zaafsIEj5DI_00,3,0.20111111111111113,1,train,vehicle,21.884756088256836,80.5682601928711,1.2023332118988037,-5.896800994873047,5.896800994873047,-0.4016451835632324,0.0,0.0,0.0,0.0,-60.0,50.0,0,0,0,0.0,0,0,0,0.4016451835632324,0.0,0.0,0.9354372024536133,0.6814747650845517,2.7797786471882078,0,3,0,0.5417242394818655,NORMAL
zaafsIEj5DI_00,5,0.3351851851851852,2,train,vehicle,15.294062614440918,72.42816162109375,0.0,0.0,0.0,0.0,0.0,0.0,0.0,0.0,0.0,50.0,0,0,0,0.0,0,0,0,0.0,0.0,0.0,0.0,0.0,0.0,0,1,0,4.1797283176593526e-06,NORMAL
zaafsIEj5DI_00,6,0.40222222222222226,2,train,vehicle,15.236892700195312,71.76167297363281,9.978605270385742,0.0,0.0,0.0,-94.90270233154297,0.0,0.0,0.0,0.0,50.0,0,0,0,0.0,0,0,0,0.0,0.0,0.0,4.989302635192871,4.989302635192871,0.0,0,2,0,0.007470453639960889,NORMAL
zaafsIEj5DI_00,7,0.46925925925925926,2,train,vehicle,15.044299125671387,71.23599243164062,9.425541877746582,-7.88730525970459,7.88730525970459,-0.5530633926391602,-98.90381622314453,4.0011138916015625,59.68512434985757,9.818605206508177,-60.0,50.0,0,0,0,0.0,0,0,0,0.5530633926391602,4.0011138916015625,4.0011138916015625,6.468049049377441,4.579171224718413,3.7181113562836257,0,3,0,0.47618464208613015,NORMAL
zaafsIEj5DI_00,8,0.5362962962962963,2,train,vehicle,15.127851486206055,71.72560119628906,4.375448226928711,-18.0,18.0,-5.050093650817871,-98.50733947753906,0.39647674560546875,5.9142939952197,0.4516508440034491,-60.0,50.0,0,0,0,0.0,0,1,0,5.603157043457031,4.0011138916015625,4.397590637207031,5.944898843765259,4.067882156830881,7.393771717761536,0,4,0,0.6390831787239533,ACCIDENT
zaafsIEj5DI_00,9,0.6033333333333334,2,train,vehicle,15.729070663452148,74.63749694824219,10.249224662780762,15.0,0.0,5.873776435852051,77.39060974121094,175.89794921875,180.0,30.0,60.0,50.0,0,0,0,0.0,0,0,1,0.0,175.89794921875,180.29553985595703,6.805764007568359,4.025231361610088,10.83976845782386,0,5,0,0.5095653377685413,NORMAL
zaafsIEj5DI_00,10,0.6703703703703704,2,train,vehicle,15.875163078308105,76.1450424194336,13.92597770690918,15.0,0.0,3.676753044128418,80.82713317871094,3.4365234375,51.26305680248619,12.459699340619668,0.0,50.0,0,0,0,0.0,0,0,0,0.0,175.89794921875,183.73206329345703,7.992466290791829,4.5324810505704445,11.785517533929005,0,6,0,0.05823634673761255,NORMAL
zaafsIEj5DI_00,11,0.7374074074074074,2,train,vehicle,15.34253215789795,75.14344787597656,5.207751750946045,-18.0,18.0,-8.718225955963135,99.16636657714844,18.3392333984375,180.0,16.360634642491476,-60.0,50.0,0,0,0,0.0,0,1,0,8.718225955963135,175.89794921875,202.07129669189453,7.594649927956717,4.30791857101272,12.720391665804634,0,7,0,0.6784142527390947,ACCIDENT
zaafsIEj5DI_00,12,0.8044444444444445,2,train,vehicle,14.83180046081543,73.55522155761719,4.530613422393799,15.0,0.0,-0.6771383285522461,-129.24630737304688,131.5873260498047,180.0,14.233341844047668,60.0,50.0,0,0,0,0.0,0,0,1,9.39536428451538,175.89794921875,333.6586227416992,7.2116453647613525,4.155146156354316,13.15795777781277,0,8,0,0.5422249581419168,NORMAL
zaafsIEj5DI_00,13,0.8714814814814815,2,train,vehicle,14.684468269348145,72.52284240722656,7.5615763664245605,15.0,0.0,3.0309629440307617,-110.64271545410156,18.603591918945312,180.0,23.7553927623176,0.0,50.0,0,0,0,0.0,0,0,0,6.364401340484619,175.89794921875,352.26221466064453,8.156842410564423,3.1442280420043227,14.043491454164455,0,8,0,0.4733791250092489,NORMAL
zaafsIEj5DI_00,14,0.9385185185185185,2,train,vehicle,14.578798294067383,71.8467025756836,8.314828872680664,11.55465316772461,0.0,0.7532525062561035,-106.33747100830078,4.305244445800781,64.22187847327133,9.31995225347128,-51.39467650355555,50.0,0,0,0,0.0,0,0,0,5.611148834228516,175.89794921875,356.5674591064453,7.948870360851288,3.0710234584357883,14.352849571397158,0,8,0,0.471728672523384,NORMAL
zaafsIEj5DI_00,15,1.0055555555555555,2,train,vehicle,14.588846206665039,71.3530502319336,7.955497741699219,-4.926656723022461,4.926656723022461,-0.3593311309814453,-101.54559326171875,4.791877746582031,71.48104925840599,9.925117186331253,-60.0,50.0,0,0,0,0.0,0,1,0,5.970479965209961,175.89794921875,357.3582229614258,7.765114843845367,3.020737432549158,14.091321289697362,0,8,0,0.4863246000717876,NORMAL
zaafsIEj5DI_00,16,1.0725925925925925,2,train,vehicle,14.427197456359863,71.61730194091797,4.6520867347717285,-18.0,18.0,-3.3034110069274902,-113.2715835571289,11.725990295410156,174.91808727959904,14.202339516460658,-60.0,50.0,0,0,0,0.0,0,1,0,9.273890972137451,175.89794921875,368.68773651123047,7.799694657325745,2.9830851315640934,14.091321289697362,0,8,0,0.5664190284976733,NORMAL
zaafsIEj5DI_00,17,1.1396296296296295,2,train,vehicle,14.483354568481445,72.39020538330078,1.1358734369277954,15.0,0.0,-3.516213297843933,-113.2715835571289,0.0,0.0,0.0,60.0,50.0,0,0,0,0.0,0,0,0,12.790104269981384,131.5873260498047,192.78978729248047,6.660525754094124,3.5216303913519975,14.091321289697362,0,8,0,0.582287814515827,NORMAL
zaafsIEj5DI_00,18,1.2066666666666668,2,train,vehicle,14.176713943481445,71.96414947509766,2.6252903938293457,15.0,0.0,1.4894169569015503,-143.01116943359375,29.739585876464844,180.0,8.247593014794127,0.0,11.266805648803711,1,1,1,-3.718902111053467,1,0,0,5.689538478851318,131.5873260498047,219.0928497314453,5.247939839959145,2.417338038057536,14.091321289697362,0,8,0,0.7186473392500075,ACCIDENT
zaafsIEj5DI_00,18,1.2066666666666668,1,train,vehicle,21.511152267456055,80.5167465209961,1.427807092666626,15.0,0.0,0.22547388076782227,0.0,0.0,0.0,0.0,60.0,11.266805648803711,1,1,1,-2.109074831008911,1,0,0,0.17617130279541016,0.0,0.0,1.0585296750068665,0.6275039139185539,7.730705076857474,0,4,0,0.0006558112955127331,NORMAL
zaafsIEj5DI_00,19,1.2737037037037038,2,train,vehicle,14.06151008605957,72.0865249633789,2.06042742729187,-5.757190227508545,5.757190227508545,-0.5648629665374756,-164.286376953125,21.27520751953125,180.0,6.473023668835057,-60.0,11.062237739562988,1,1,1,-1.260748267173767,1,1,0,6.254401445388794,131.5873260498047,222.02882385253906,4.854524299502373,2.6379110940416743,12.171631681879232,0,8,0,0.8434033524754414,ACCIDENT
zaafsIEj5DI_00,19,1.2737037037037038,1,train,vehicle,21.222148895263672,80.51850891113281,2.2525744438171387,12.787914276123047,0.0,0.8247673511505127,170.21536254882812,170.21536254882812,180.0,7.076671324360037,-32.99796383683853,11.062237739562988,1,1,1,-0.5641235709190369,1,0,0,0.0,170.21536254882812,170.21536254882812,1.2973386287689208,0.7369720450425452,8.092698503813216,0,5,0,0.8152556018486905,ACCIDENT
zaafsIEj5DI_00,20,1.3407407407407408,1,train,vehicle,21.117755889892578,80.53492736816406,2.049678087234497,-3.0264346599578857,3.0264346599578857,-0.2028963565826416,170.4106903076172,0.1953277587890625,2.9137289985108774,0.10423466669170336,-60.0,50.0,0,0,0,0.0,0,0,0,0.2028963565826416,170.21536254882812,170.4106903076172,1.4227285385131836,0.7288481620384759,7.886165492072838,0,6,0,0.567216380066682,NORMAL
zaafsIEj5DI_00,21,1.4077777777777778,1,train,vehicle,21.06374740600586,80.53240203857422,1.6720006465911865,-5.619407653808594,5.619407653808594,-0.37767744064331055,170.4106903076172,0.0,0.0,0.0,-38.67970764307686,50.0,0,0,0,0.0,0,0,0,0.5805737972259521,170.21536254882812,170.4106903076172,1.458338839667184,0.6803967108416433,7.9190331757063195,0,7,0,0.6444116283703476,ACCIDENT
zaafsIEj5DI_00,22,1.4748148148148148,1,train,vehicle,20.228227615356445,80.45240020751953,4.902586936950684,15.0,0.0,3.230586290359497,-177.67808532714844,11.911224365234375,177.68124743719787,15.203524064592068,60.0,50.0,0,0,0,0.0,0,0,0,0.0,170.21536254882812,182.32191467285156,1.8888698518276215,1.3048260001363576,8.58279999573248,0,8,0,0.07989214600721278,NORMAL
zaafsIEj5DI_00,34,2.279259259259259,2,train,vehicle,16.2571964263916,77.01170349121094,23.23630714416504,15.0,0.0,21.17587971687317,68.70796966552734,127.00565338134766,180.0,30.0,60.0,50.0,0,0,0,0.0,0,0,1,0.0,127.00565338134766,217.44715118408203,7.192736014723778,6.611691818390562,12.171631681879232,0,8,0,0.5262654037333383,NORMAL
zaafsIEj5DI_00,35,2.3462962962962965,2,train,vehicle,16.320728302001953,77.07794189453125,16.64558982849121,-18.0,18.0,-6.590717315673828,68.1666259765625,0.5413436889648438,8.07529259781811,2.346036819302544,-60.0,50.0,0,0,0,0.0,0,1,0,6.590717315673828,127.00565338134766,199.38490295410156,8.328237697482109,7.319675872759158,13.701040533872131,0,8,0,0.7784145085870118,ACCIDENT
zaafsIEj5DI_00,36,2.4133333333333336,2,train,vehicle,14.827478408813477,75.2013931274414,3.3713839054107666,-18.0,18.0,-13.274205923080444,134.16783142089844,66.00120544433594,180.0,10.59151490966933,0.0,50.0,0,0,0,0.0,0,1,1,19.864923238754272,127.00565338134766,261.0808639526367,7.710307076573372,7.501139519760952,14.38743139399686,0,8,0,0.7446369824858653,ACCIDENT
zaafsIEj5DI_00,38,2.5474074074074076,2,train,vehicle,13.912927627563477,72.70753479003906,11.070167541503906,15.0,0.0,7.69878363609314,-121.2147216796875,104.61744689941406,180.0,30.0,60.0,50.0,0,0,0,0.0,0,0,1,12.166139602661133,127.00565338134766,360.90643310546875,8.099640801548958,7.584133525374438,15.431857753291233,0,8,0,0.5595653841685064,NORMAL
zaafsIEj5DI_00,39,2.6144444444444446,1,train,vehicle,21.093704223632812,80.49716186523438,0.4483417570590973,15.0,0.0,-4.454245179891586,-177.67808532714844,0.0,0.0,0.0,0.0,50.0,0,0,0,0.0,0,0,0,4.454245179891586,170.21536254882812,182.32191467285156,1.9449125714600086,1.2299762552758158,9.221380590819226,0,8,0,0.5375519205566898,NORMAL
zaafsIEj5DI_00,40,2.6814814814814816,1,train,vehicle,21.038429260253906,80.54936218261719,0.2837037444114685,1.8575453758239746,0.0,-0.16463801264762878,-177.67808532714844,0.0,0.0,0.0,-60.0,50.0,0,0,0,0.0,0,0,0,4.618883192539215,170.21536254882812,182.32191467285156,1.7798782400786877,1.3476006789273336,9.104995415967158,0,8,0,0.48453915593489827,NORMAL
zaafsIEj5DI_00,41,2.7485185185185186,1,train,vehicle,20.760820388793945,80.45780944824219,1.2172139883041382,15.0,0.0,0.9335102438926697,-177.67808532714844,0.0,0.0,0.0,60.0,50.0,0,0,0,0.0,0,0,0,3.6853729486465454,170.21536254882812,182.32191467285156,1.7817383371293545,1.3468122474812836,8.390653947913647,0,8,0,0.3905150370529634,NORMAL
zaafsIEj5DI_00,42,2.8155555555555556,1,train,vehicle,20.801603317260742,80.44865417480469,0.6835976243019104,-7.856961727142334,7.856961727142334,-0.5336163640022278,-177.67808532714844,0.0,0.0,0.0,-60.0,50.0,0,0,0,0.0,0,1,0,4.218989312648773,170.21536254882812,182.32191467285156,1.688712153583765,1.3929573114639255,9.432583364477837,1,8,0,0.7412341080573306,ACCIDENT
zaafsIEj5DI_00,43,2.8825925925925926,1,train,vehicle,20.732803344726562,80.46607971191406,0.7691740393638611,1.503685712814331,0.0,0.08557641506195068,-177.67808532714844,0.0,0.0,0.0,60.0,50.0,0,0,0,0.0,0,0,0,4.1334128975868225,11.911224365234375,12.106552124023438,1.5032871030271053,1.4042431519617076,9.057528087964906,0,8,0,0.6064208550876463,ACCIDENT
zaafsIEj5DI_00,44,2.9496296296296296,1,train,vehicle,20.026443481445312,80.29934692382812,3.7805821895599365,15.0,0.0,3.0114081501960754,-168.00375366210938,9.674331665039062,144.31323478235066,9.522307747141525,60.0,50.0,0,0,0,0.0,0,0,0,1.122004747390747,11.911224365234375,21.585556030273438,1.7196501158177853,1.5924908483152809,9.273340195543366,0,8,0,0.04437349916152562,NORMAL
zaafsIEj5DI_00,46,3.0837037037037036,1,train,vehicle,19.10623550415039,80.2669677734375,6.742579936981201,15.0,0.0,2.9619977474212646,-174.0840606689453,6.0803070068359375,90.70071225666868,10.673679770637952,0.0,50.0,0,0,0,0.0,0,0,0,0.0,11.911224365234375,27.665863037109375,2.353472527116537,2.299508739373533,8.449015426021166,0,8,0,0.02659353654990009,NORMAL
zaafsIEj5DI_00,52,3.485925925925926,1,train,vehicle,18.426280975341797,73.33577728271484,32.44076919555664,15.0,0.0,25.0,-103.79881286621094,70.28524780273438,180.0,30.0,0.0,50.0,0,0,0,0.0,0,0,1,0.0,70.28524780273438,86.03988647460938,5.795745309442282,10.285034180888875,8.449015426021166,0,8,0,0.49341635000853823,NORMAL
zaafsIEj5DI_00,53,3.552962962962963,1,train,vehicle,18.49279022216797,71.80506896972656,29.353029251098633,-18.0,18.0,-3.087739944458008,-100.04271697998047,3.7560958862304688,56.030159628852296,28.704643317644432,-60.0,50.0,0,0,0,0.0,0,1,0,3.087739944458008,70.28524780273438,89.79598236083984,9.408831246197224,12.590528220060849,11.80901200135669,0,8,0,0.6273608181523823,ACCIDENT
zaafsIEj5DI_00,55,3.687037037037037,1,train,vehicle,18.376245498657227,70.5444107055664,26.19746971130371,-18.0,18.0,-3.155559539794922,-99.01422119140625,1.0284957885742188,15.342202370996635,7.014947441758856,0.0,50.0,0,0,0,0.0,0,1,0,6.24329948425293,70.28524780273438,90.82447814941406,12.648051992058754,13.147343972006464,14.022602557462319,0,8,0,0.6741352337964324,ACCIDENT
